"index","pokemon","Level","Moves"
1,"Bulbasaur","Starting Moves"," Tackle, Growl"
1,"Bulbasaur","Level 2"," Vine Whip, Poison Powder"
1,"Bulbasaur","Level 6"," Take Down, Sleeping Powder, Leech Seed"
1,"Bulbasaur","Level 10"," Razor Leaf, Sweet Scent"
1,"Bulbasaur","Level 14"," Growth, Double Edge"
1,"Bulbasaur","Level 18"," Synthesis"
2,"Ivysaur","Starting Moves"," Tackle, Growl, Vine Whip, Poison"
2,"Ivysaur","Level 6"," Take Down, Sleeping Powder"
2,"Ivysaur","Level 10"," Razor Leaf, Sweet Scent, Leech Seed"
2,"Ivysaur","Level 14"," Growth, Double Edge"
2,"Ivysaur","Level 18"," Synthesis, Solar Beam"
3,"Venusaur","Starting Moves"," Tackle, Growl, Vine Whip, Poison"
3,"Venusaur","Level 14"," Growth, Double Edge, Sweet Scent, Petal"
3,"Venusaur","Level 18"," Synthesis, Solar Beam"
4,"Charmander","Starting Moves"," Growl, Scratch"
4,"Charmander","Level 2"," Ember"
4,"Charmander","Level 6"," Leer, Smokescreen"
4,"Charmander","Level 10"," Rage, Scary Face"
4,"Charmander","Level 14"," Slash, FLamethrower"
4,"Charmander","Level 18"," Fire Spin"
5,"Charmeleon","Starting Moves"," Growl, Scratch, Ember"
5,"Charmeleon","Level 10"," Rage, Scary Face"
5,"Charmeleon","Level 14"," Slash, Dragon Rage"
5,"Charmeleon","Level 18"," Flamethrower, Fire Spin"
6,"Charizard","Level 18"," Flamethrower, Fire Spin"
7,"Squirtle","Starting Moves"," Tackle, Tail Whip"
7,"Squirtle","Level 2"," Water Gun"
7,"Squirtle","Level 6"," Bubble, Withdraw, Body Slam"
7,"Squirtle","Level 10"," Bite, Rapid Spin, Rain Dance"
7,"Squirtle","Level 14"," Bubble Beam, Protect, Skull Bash"
7,"Squirtle","Level 18"," Hydro Pump"
8,"Wartortle","Starting Moves"," Tackle, Tail Whip, Water Gun"
8,"Wartortle","Level 6"," Bubble, Withdraw"
8,"Wartortle","Level 10"," Bite, Body Slam, Rain Dance"
8,"Wartortle","Level 14"," Bubble Beam, Rapid Spin, Protect"
8,"Wartortle","Level 18"," Skull Bash, Hydro Pump"
9,"Blastoise","Starting Moves"," Tail whip, Bubble, Water Gun, Bite,"
9,"Blastoise","Level 14"," Bubble Beam, Rain Dance, Rapid Spin"
9,"Blastoise","Level 18"," Skull Bash, Hydro Pump, Protect"
10,"Caterpie","Starting Moves"," Tackle, String Shot"
11,"Metapod","Starting Moves"," Harden"
12,"Butterfree","Starting Moves"," Gust, Confusion"
12,"Butterfree","Level 6"," Poison Powder, Stun Spore, Sleep Powder"
12,"Butterfree","Level 10"," Psybeam, Supersonic"
12,"Butterfree","Level 14"," Whirlwind, Safeguard"
13,"Weedle","Starting Moves"," Poison Sting, String Shot"
14,"Kakuna","Starting Moves"," Harden"
15,"Beedrill","Starting Moves"," Twineedle, Fury Attack"
15,"Beedrill","Level 6"," Rage"
15,"Beedrill","Level 10"," Focus Energy, Pursuit"
15,"Beedrill","Level 14"," Pin Missile, Agility"
16,"Pidgey","Starting Moves"," Tackle"
16,"Pidgey","Level 2"," Sand Attack, Gust"
16,"Pidgey","Level 6"," Quick Attack, Whirlwind"
16,"Pidgey","Level 10"," Agility"
16,"Pidgey","Level 14"," Wing Attack"
16,"Pidgey","Level 18"," Mirror Move"
17,"Pidgeotto","Starting Moves"," Tackle, Sand Attack, Gust"
17,"Pidgeotto","Level 6"," Quick Attack, Whirlwind"
17,"Pidgeotto","Level 10"," Agility"
17,"Pidgeotto","Level 14"," Wing Attack"
17,"Pidgeotto","Level 18"," Mirror Move"
18,"Pidgeot","Starting Moves"," Tackle, Sand Attack, Gust, Quick"
18,"Pidgeot","Level 10"," Agility"
18,"Pidgeot","Level 14"," Wing Attack"
18,"Pidgeot","Level 18"," Mirror Move"
19,"Rattata","Starting Moves"," Tackle, Tail Whip"
19,"Rattata","Level 2"," Quick Attack, Focus Energy"
19,"Rattata","Level 6"," Bite"
19,"Rattata","Level 10"," Hyper Fang, Pursuit"
19,"Rattata","Level 14"," Double Edge, Crunch"
20,"Raticate","Starting Moves"," Tackle, Tail Whip, Swords Dance,"
20,"Raticate","Level 6"," Bite"
20,"Raticate","Level 10"," Hyper Fang"
20,"Raticate","Level 14"," Crunch"
20,"Raticate","Level 18"," Double-Edge"
21,"Spearow","Starting Moves"," Peck, Growl"
21,"Spearow","Level 2"," Leer"
21,"Spearow","Level 6"," Fury Attack, Pursuit"
21,"Spearow","Level 10"," Mirror Move, Agility"
21,"Spearow","Level 14"," Focus Energy"
21,"Spearow","Level 18"," Drill Peck"
22,"Fearow","Starting Moves"," Peck, Growl, Leer"
22,"Fearow","Level 6"," Fury Attack, Pursuit"
22,"Fearow","Level 10"," Mirror Move"
22,"Fearow","Level 14"," Focus Energy,Agility"
22,"Fearow","Level 18"," Drill Peck"
23,"Ekans","Starting Moves"," Wrap, Leer"
23,"Ekans","Level 2"," Poison Sting"
23,"Ekans","Level 6"," Bite, Screech"
23,"Ekans","Level 10"," Acid"
23,"Ekans","Level 14"," Haze"
24,"Arbok","Starting Moves"," Wrap, Leer, Poison Sting, Bite"
24,"Arbok","Level 6"," Screech, Glare"
24,"Arbok","Level 10"," Acid, Crunch"
24,"Arbok","Level 14"," Haze"
25,"Pikachu","Starting Moves"," Tail Whip, Thunder Shock"
25,"Pikachu","Level 2"," Growl, Quick Attack"
25,"Pikachu","Level 6"," Thunder Wave"
25,"Pikachu","Level 10"," Double Team, Spark"
25,"Pikachu","Level 14"," Slam, Thunderbolt, Agility"
25,"Pikachu","Level 18"," Light Screen, Thunder"
26,"Raichu","Starting Moves"," Tail Whip, Thunder Shock, Growl"
26,"Raichu","Level 6"," Quick Attack, Thunder Wave"
26,"Raichu","Level 10"," Double Team, Spark"
26,"Raichu","Level 14"," Slam, Thunderbolt"
26,"Raichu","Level 18"," Agility, Light Screen, Thunder"
27,"Sandshrew","Starting Moves"," Scratch, Defense Curl"
27,"Sandshrew","Level 2"," Sand Attack, Poison Sting"
27,"Sandshrew","Level 6"," Swift, Rollout"
27,"Sandshrew","Level 10"," Fury Swipes, Slash, Magnitude"
27,"Sandshrew","Level 14"," Dig, Rapid Spin, Sandstorm"
27,"Sandshrew","Level 18"," Swords Dance, Earthquake"
28,"Sandslash","Level 6"," Swift, Rollout"
28,"Sandslash","Level 10"," Fury Swipes, Slash"
28,"Sandslash","Level 14"," Dig, Rapid Spin, Magnitude"
28,"Sandslash","Level 18"," Swords Dance, Earthquake, Sandstorm"
29,"Nidoran♀","Starting Moves"," Scratch, Growl"
29,"Nidoran♀","Level 2"," Tail Whip, Double Kick"
29,"Nidoran♀","Level 6"," Poison Sting"
29,"Nidoran♀","Level 10"," Fury Swipes, Crunch"
30,"Nidorina","Starting Moves"," Scratch, Growl, Tail Whip, Double"
30,"Nidorina","Level 6"," Poison Sting"
30,"Nidorina","Level 10"," Fury Swipes, Bite"
30,"Nidorina","Level 14"," Crunch"
31,"Nidoqueen","Starting Moves"," Scratch, Growl, Tail Whip, Double"
31,"Nidoqueen","Level 14"," Thrash, Take Down"
31,"Nidoqueen","Level 18"," Bide, Crunch"
32,"Nidoran♂","Starting Moves"," Leer, Peck"
32,"Nidoran♂","Level 2"," Focus Energy, Double Kick"
32,"Nidoran♂","Level 6"," Poison Sting"
32,"Nidoran♂","Level 10"," Fury Swipes"
32,"Nidoran♂","Level 14"," Horn Attack"
32,"Nidoran♂","Level 18"," Horn Drill"
33,"Nidorino","Starting Moves"," Leer, Peck, Focus Energy, Double"
33,"Nidorino","Level 6"," Poison Sting"
33,"Nidorino","Level 10"," Fury Swipes"
33,"Nidorino","Level 14"," Horn Attack"
33,"Nidorino","Level 18"," Horn Drill, Thrash"
34,"Nidoking","Starting Moves"," Leer, Peck, Focus Energy, Double"
34,"Nidoking","Level 14"," Thrash, Bide"
34,"Nidoking","Level 18"," Horn Drill, Megahorn"
35,"Clefairy","Starting Moves"," Pound, Growl"
35,"Clefairy","Level 2"," Sing, Spotlight"
35,"Clefairy","Level 6"," Double Slap, Defense Curl"
35,"Clefairy","Level 10"," Minimize, Light Screen"
35,"Clefairy","Level 14"," Body Slam, Metronome"
36,"Clefable","Starting Moves"," Pound, Growl, Sing, Spotlight"
36,"Clefable","Level 6"," Double Slap, Defense Curl"
36,"Clefable","Level 10"," Minimize, Light Screen"
36,"Clefable","Level 14"," Body Slam, Metronome"
37,"Vulpix","Starting Moves"," Ember"
37,"Vulpix","Level 2"," Tail Whip, Roar"
37,"Vulpix","Level 6"," Quick Attack, Confuse Ray"
37,"Vulpix","Level 10"," Flamethrower, Feint Attack"
37,"Vulpix","Level 14"," Fire Spin, Safeguard"
38,"Ninetales","Starting Moves"," Ember, Tail Whip, Roar"
38,"Ninetales","Level 6"," Quick Attack, Confuse Ray"
38,"Ninetales","Level 10"," Feint Attack"
38,"Ninetales","Level 14"," Flame Thrower, Safeguard"
38,"Ninetales","Level 18"," Fire Spin"
39,"Jigglypuff","Starting Moves"," Pound, Sing"
39,"Jigglypuff","Level 2"," Defense Curl"
39,"Jigglypuff","Level 6"," Disable, Double Slap"
39,"Jigglypuff","Level 10"," Rest, Body Slam, Rollout"
39,"Jigglypuff","Level 14"," Mimic, Double-Edge"
40,"Wigglytuff","Starting Moves"," Pound, Defense Curl, Sing"
40,"Wigglytuff","Level 6"," Double Slap, Disable"
40,"Wigglytuff","Level 10"," Rest, Body Slam"
40,"Wigglytuff","Level 14"," Mimic, Rollout"
40,"Wigglytuff","Level 18"," Double-Edge"
41,"Zubat","Starting Moves"," Leech Life"
41,"Zubat","Level 2"," Supersonic, Bite"
41,"Zubat","Level 6"," Wing Attack, Confuse Ray"
41,"Zubat","Level 10"," Swift, Super Fang, Mean Look"
41,"Zubat","Level 14"," Haze"
42,"Golbat","Starting Moves"," Leech Life, Supersonic, Bite"
42,"Golbat","Level 6"," Wing Attack, Confuse Ray"
42,"Golbat","Level 10"," Swift, Super Fang"
42,"Golbat","Level 14"," Mean Look"
42,"Golbat","Level 18"," Haze"
43,"Oddish","Starting Moves"," Absorb, Growth"
43,"Oddish","Level 2"," Acid, Sweet Scent"
43,"Oddish","Level 6"," Poison Powder, Sleeping Powder, Stun Spore"
43,"Oddish","Level 10"," Mega Drain, Moonlight"
43,"Oddish","Level 14"," Toxic, Giga Drain"
43,"Oddish","Level 18"," Petal Dance"
44,"Gloom","Starting Moves"," Absorb, Growth, Acid, Sweet Scent"
44,"Gloom","Level 6"," Poison Powder, Sleeping Powder, Stun Spore"
44,"Gloom","Level 10"," Mega Drain, Moonlight"
44,"Gloom","Level 14"," Toxic"
44,"Gloom","Level 18"," Petal Dance, Giga Drain"
45,"Vileplume","Starting Moves"," Absorb, Growth, Acid, Poison"
45,"Vileplume","Level 14"," Toxic, Moonlight"
45,"Vileplume","Level 18"," Petal Dance, Solar Beam, Giga Drain"
46,"Paras","Starting Moves"," Scratch"
46,"Paras","Level 2"," Stun Spore, Poison Powder"
46,"Paras","Level 6"," Absorb, Fury Cutter"
46,"Paras","Level 10"," Spore, Slash"
46,"Paras","Level 14"," Growth, Giga Drain"
47,"Parasect","Starting Moves"," Scratch, Stun Spore, Poison Powder,"
47,"Parasect","Level 6"," Fury Cutter"
47,"Parasect","Level 10"," Spore, Slash"
47,"Parasect","Level 14"," Growth"
47,"Parasect","Level 18"," Giga Drain"
48,"Venonat","Starting Moves"," Tackle, Disable"
48,"Venonat","Level 2"," Supersonic, Foresight"
48,"Venonat","Level 6"," Confusion, Poison Powder"
48,"Venonat","Level 10"," Stun Spore, Sleep Powder, Psybeam"
48,"Venonat","Level 14"," Leech Life, Psychic"
49,"Venomoth","Starting Moves"," Tackle, Disable, Supersonic, Gust"
49,"Venomoth","Level 6"," Confusion, Poison Powder, Foresight"
49,"Venomoth","Level 10"," Stun Spore, Sleep Powder"
49,"Venomoth","Level 14"," Leech Life, Psybeam"
49,"Venomoth","Level 17","*** Psychic"
50,"Diglett","Starting Moves"," Sand Attack, Scratch"
50,"Diglett","Level 2"," Growl"
50,"Diglett","Level 6"," Mud Slap, Magnitude"
50,"Diglett","Level 10"," Dig, Slash"
50,"Diglett","Level 14"," Earthquake"
50,"Diglett","Level 18"," Fissure"
51,"Dugtrio","Starting Moves"," Sand Attack, Scratch, Growl"
51,"Dugtrio","Level 6"," Mud Slap"
51,"Dugtrio","Level 10"," Dig, Magnitude"
51,"Dugtrio","Level 14"," Slash, Earthquake"
51,"Dugtrio","Level 18"," Fissure"
52,"Meowth","Starting Moves"," Scratch, Growl"
52,"Meowth","Level 2"," Bite"
52,"Meowth","Level 6"," Fury Swipes, Screech"
52,"Meowth","Level 10"," Payday, Feint Attack"
52,"Meowth","Level 14","*** Slash"
53,"Persian","Starting Moves"," Scratch, Growl, Bite, Swift"
53,"Persian","Level 6"," Fury Swipes, Screech"
53,"Persian","Level 10"," Payday, Feint Attack"
53,"Persian","Level 14"," Slash"
54,"Psyduck","Starting Moves"," Scratch"
54,"Psyduck","Level 2"," Tail Whip, Water Gun"
54,"Psyduck","Level 6"," Fury Swipes, Confusion"
54,"Psyduck","Level 10"," Disable, Screech"
54,"Psyduck","Level 14"," Psych Up, Rain Dance"
54,"Psyduck","Level 18"," Hydro Pump, Amnesia"
55,"Golduck","Starting Moves"," Scratch, Water Gun, Tail Whip"
55,"Golduck","Level 6"," Fury Swipes, Confusion"
55,"Golduck","Level 10"," Disable, Screech"
55,"Golduck","Level 14"," Psych Up, Rain Dance"
55,"Golduck","Level 18"," Hydro Pump, Amnesia"
56,"Mankey","Starting Moves"," Scratch, Low Kick, Leer, Focus Energy"
56,"Mankey","Level 2"," Fury Swipes, Karate Chop"
56,"Mankey","Level 6"," Seismic Toss, Pursuit"
56,"Mankey","Level 10"," Thrash, Swagger"
56,"Mankey","Level 14"," Cross Chop, Screech"
56,"Mankey","Level 18"," Outrage"
57,"Primeape","Starting Moves"," Scratch, Low Kick, Leer, Focus"
57,"Primeape","Level 6"," Seismic Toss"
57,"Primeape","Level 10"," Thrash, Pursuit"
57,"Primeape","Level 14"," Cross Chop, Swagger"
57,"Primeape","Level 18"," Outrage, Screech"
58,"Growlithe","Starting Moves"," Bite, Roar"
58,"Growlithe","Level 2"," Ember, Leer"
58,"Growlithe","Level 6"," Take Down, Flame Wheel, Reversal"
58,"Growlithe","Level 10"," Agility, Flamethrower"
58,"Growlithe","Level 14"," Crunch, Outrage"
59,"Arcanine","Starting Moves"," Bite, Roar, Ember, Leer, Take Down"
59,"Arcanine","Level 10"," Agility, Flamethrower"
59,"Arcanine","Level 14"," Crunch, Outrage"
59,"Arcanine","Level 18"," Fire Spin, Extreme Speed"
60,"Poliwag","Starting Moves"," Water Gun"
60,"Poliwag","Level 2"," Bubble, Hypnosis"
60,"Poliwag","Level 6"," Double Slap, Rain Dance"
60,"Poliwag","Level 10"," Body Slam, Bubble Beam"
60,"Poliwag","Level 14"," Mud Slap, Belly Drum"
60,"Poliwag","Level 18"," Hydro Pump"
61,"Poliwhirl","Starting Moves"," Water Gun, Bubble, Hypnosis"
61,"Poliwhirl","Level 6"," Double Slap, Rain Dance"
61,"Poliwhirl","Level 10"," Body Slam, Bubble Beam"
61,"Poliwhirl","Level 14"," Mud Slap, Belly Drum"
61,"Poliwhirl","Level 18"," Hydro Pump"
62,"Poliwrath","Starting Moves"," Water Gun, Bubble, Hypnosis,"
62,"Poliwrath","Level 14"," Mud Slap, Bubblebeam"
62,"Poliwrath","Level 18"," Hydro Pump, Belly Drum"
63,"Abra","Starting Moves"," Teleport, Scratch"
64,"Kadabra","Starting Moves"," Teleport, Scratch, Confusion"
64,"Kadabra","Level 6"," Disable"
64,"Kadabra","Level 10"," Psybeam, Reflect"
64,"Kadabra","Level 14"," Recover, Future Sight"
64,"Kadabra","Level 18"," Psychic"
65,"Alakazam","Starting Moves"," Teleport, Scratch, Confusion, Disable,"
65,"Alakazam","Level 14"," Recover"
65,"Alakazam","Level 18"," Psychic, Future Sight"
66,"Machop","Starting Moves"," Low Kick, Leer"
66,"Machop","Level 2"," Karate Chop, Focus Energy"
66,"Machop","Level 6"," Seismic Toss, Foresight"
66,"Machop","Level 10"," Submission, Vital Throw"
66,"Machop","Level 14"," Cross Chop, Scary Face"
66,"Machop","Level 18"," Dynamic Punch"
67,"Machoke","Starting Moves"," Low Kick, Leer, Focus Energy, Karate"
67,"Machoke","Level 6"," Seismic Toss"
67,"Machoke","Level 10"," Submission, Vital Throw"
67,"Machoke","Level 14"," Cross Chop"
67,"Machoke","Level 18"," Scary Face, Dynamic Punch"
68,"Machamp","Starting Moves"," Low Kick, Leer, Focus Energy, Karate"
68,"Machamp","Level 18"," Cross Chop, Dynamic Punch"
69,"Bellsprout","Starting Moves"," Vine Whip"
69,"Bellsprout","Level 2"," Growth"
69,"Bellsprout","Level 6"," Wrap, Sleep Powder, Poison Powder"
69,"Bellsprout","Level 10"," Stun Spore, Acid"
69,"Bellsprout","Level 14"," Razor Leaf, Sweet Scent"
69,"Bellsprout","Level 18"," Slam"
70,"Weepinbell","Starting Moves"," Vine Whip, Growth, Wrap"
70,"Weepinbell","Level 6"," Sleep Powder, Poison Powder"
70,"Weepinbell","Level 10"," Stun Spore, Acid"
70,"Weepinbell","Level 14"," Sweet Scent"
70,"Weepinbell","Level 18"," Slam, Razor Leaf"
71,"Victreebel","Starting Moves"," Vine Whip, Growth, Wrap, Sleep"
71,"Victreebel","Level 14"," Sweet Scent, Acid"
71,"Victreebel","Level 18"," Slam, Razor Leaf"
72,"Tentacool","Starting Moves"," Poison Sting"
72,"Tentacool","Level 2"," Supersonic, Constrict"
72,"Tentacool","Level 6"," Acid"
72,"Tentacool","Level 10"," Bubble Beam"
72,"Tentacool","Level 14"," Barrier, Screech"
72,"Tentacool","Level 18"," Hydro Pump"
73,"Tentacruel","Starting Moves"," Poison Sting, Supersonic, Constrict"
73,"Tentacruel","Level 6"," Acid"
73,"Tentacruel","Level 10"," Bubble Beam"
73,"Tentacruel","Level 14"," Barrier"
73,"Tentacruel","Level 18"," Screech, Hydro Pump"
74,"Geodude","Starting Moves"," Tackle"
74,"Geodude","Level 2"," Defense Curl"
74,"Geodude","Level 6"," Magnitude, Rollout"
74,"Geodude","Level 10"," Rock Throw, Rock Slide"
74,"Geodude","Level 14"," Self Destruct, Stone Edge, Earthquake"
74,"Geodude","Level 18"," Explosion, Double Edge"
75,"Graveler","Starting Moves"," Tackle, Defense Curl"
75,"Graveler","Level 6"," Magnitude, Rollout"
75,"Graveler","Level 10"," Rock Throw, Rock Slide"
75,"Graveler","Level 14"," Self Destruct, Stone Edge"
75,"Graveler","Level 18"," Earthquake, Double Edge, Explosion"
76,"Golem","Starting Moves"," Tackle, Defense Curl, Magnitude,"
76,"Golem","Level 14"," Self Destruct, Stone Edge"
76,"Golem","Level 18"," Earthquake, Double Edge, Explosion"
77,"Ponyta","Starting Moves"," Tackle, Growl"
77,"Ponyta","Level 2"," Tail Whip, Ember"
77,"Ponyta","Level 6"," Stomp, Flame Wheel"
77,"Ponyta","Level 10"," Fire Blast, Take Down"
77,"Ponyta","Level 14"," Fire Spin, Agility"
78,"Rapidash","Starting Moves"," Tackle, Growl, Fury Attack, Quick"
78,"Rapidash","Level 14"," Fire Spin, Agility"
79,"Slowpoke","Starting Moves"," Tackle"
79,"Slowpoke","Level 2"," Growl, Water Gun"
79,"Slowpoke","Level 6"," Confusion, Disable"
79,"Slowpoke","Level 10"," Headbutt"
79,"Slowpoke","Level 14"," Amnesia, Psychic, Rain Dance"
79,"Slowpoke","Level 18"," Psych Up"
80,"Slowbro","Starting Moves"," Tackle, Growl, Water Gun, Confusion,"
80,"Slowbro","Level 10"," Headbutt"
80,"Slowbro","Level 14"," Amnesia, Rain Dance"
80,"Slowbro","Level 18"," Psych Up, Psychic"
81,"Magnemite","Starting Moves"," Tackle, Supersonic"
81,"Magnemite","Level 2"," Thunder Shock, Thunder Wave"
81,"Magnemite","Level 6"," Light Screen, Spark"
81,"Magnemite","Level 10"," Screech, Bide"
81,"Magnemite","Level 14"," Sonic Boom, Lock-On"
81,"Magnemite","Level 18"," Zap Cannon"
82,"Magneton","Starting Moves"," Tackle, Supersonic, Thunder Shock,"
82,"Magneton","Level 6"," Light Screen, Spark"
82,"Magneton","Level 10"," Screech, Bide, Tri-Attack"
82,"Magneton","Level 14"," Sonic Boom, Lock-On"
82,"Magneton","Level 18"," Zap Cannon"
83,"Farfetch'd","Starting Moves"," Peck, Sand Attack, Leer, Fury Attack                          Speed"
83,"Farfetch'd","Level 6"," Slash, False Swipe"
83,"Farfetch'd","Level 10"," Swords Dance"
83,"Farfetch'd","Level 14"," Agility"
84,"Doduo","Starting Moves"," Peck, Growl"
84,"Doduo","Level 2"," Quick Attack, Rage"
84,"Doduo","Level 6"," Fury Attack, Pursuit"
84,"Doduo","Level 10"," Agility"
84,"Doduo","Level 14"," Swords Dance, Jump Kick"
84,"Doduo","Level 18"," Drill Peck, Thrash"
85,"Dodrio","Starting Moves"," Peck, Growl, Quick Attack, Rage, Tri                          Speed"
85,"Dodrio","Level 6"," Fury Attack"
85,"Dodrio","Level 10"," Agility, Pursuit"
85,"Dodrio","Level 14"," Swords Dance, Jump Kick"
85,"Dodrio","Level 18"," Drill Peck, Thrash"
86,"Seel","Starting Moves"," Headbutt"
86,"Seel","Level 2"," Growl"
86,"Seel","Level 6"," Rest, Bubble, Icy Wind"
86,"Seel","Level 10"," Body Slam, Encore"
86,"Seel","Level 14"," Aurora Beam, Take Down"
86,"Seel","Level 18"," Ice Beam, Safeguard"
87,"Dewgong","Starting Moves"," Headbutt, Growl"
87,"Dewgong","Level 6"," Rest, Bubble"
87,"Dewgong","Level 10"," Body Slam, Encore"
87,"Dewgong","Level 14"," Aurora Beam, Take Down"
87,"Dewgong","Level 18"," Ice Beam, Safeguard"
88,"Grimer","Starting Moves"," Pound"
88,"Grimer","Level 2"," Harden, Mud Slap"
88,"Grimer","Level 6"," Disable"
88,"Grimer","Level 10"," Minimize, Lick"
88,"Grimer","Level 14"," Screech, Sludge Bomb"
88,"Grimer","Level 18"," Acid Armor"
89,"Muk","Starting Moves"," Pound, Harden, Mud Slap, Disable,"
89,"Muk","Level 14"," Screech"
89,"Muk","Level 18"," Acid Armor, Sludge Bomb"
90,"Shellder","Starting Moves"," Tackle, Water Gun"
90,"Shellder","Level 2"," Withdraw"
90,"Shellder","Level 6"," Supersonic, Protect"
90,"Shellder","Level 10"," Leer, Clamp"
90,"Shellder","Level 14"," Aurora Beam, Whirlpool"
90,"Shellder","Level 18"," Hydro Pump, Ice Beam"
91,"Cloyster","Starting Moves"," Tackle, Water Gun, Withdraw,"
91,"Cloyster","Level 10"," Leer, Clamp"
91,"Cloyster","Level 14"," Aurora Beam"
91,"Cloyster","Level 18"," Hydro Pump, Whirlpool, Ice Beam"
92,"Gastly","Starting Moves"," Hypnosis, Lick"
92,"Gastly","Level 2"," Leer, Spite"
92,"Gastly","Level 6"," Night Shade, Screech, Mean Look"
92,"Gastly","Level 10"," Confusion, Curse"
92,"Gastly","Level 14"," Dream Eater, Confuse Ray, Shadow Ball"
92,"Gastly","Level 18"," Destiny Bond, Nightmare"
93,"Haunter","Starting Moves"," Hypnosis, Lick, Leer, Spite"
93,"Haunter","Level 6"," Night Shade, Screech, Mean Look"
93,"Haunter","Level 10"," Confusion, Curse"
93,"Haunter","Level 14"," Dream Eater, Confuse Ray, Shadow Ball"
93,"Haunter","Level 18"," Destiny Bond, Nightmare"
94,"Gengar","Starting Moves"," Hypnosis, Lick, Leer, Nightshade,"
94,"Gengar","Level 14"," Dream Eater, Confuse Ray"
94,"Gengar","Level 18"," Destiny Bond, Nightmare, Shadow Ball"
95,"Onix","Starting Moves"," Tackle, Harden, Bind, Rock Throw"
95,"Onix","Level 10"," Rage, Slam, Curse, Iron Tail"
95,"Onix","Level 14"," Screech, Rock Slide, Dragon Breath"
95,"Onix","Level 18"," Dig, Stone Edge, Double-Edge, Sandstorm"
96,"Drowzee","Starting Moves"," Pound, Hypnosis"
96,"Drowzee","Level 2"," Disable, Confusion, Meditate"
96,"Drowzee","Level 6"," Headbutt, Low Kick, Swagger"
96,"Drowzee","Level 10"," Psybeam, Psywave, Psych Up"
96,"Drowzee","Level 14"," Psychic, Future Sight"
97,"Hypno","Level 6"," Headbutt, Low Kick, Meditate"
97,"Hypno","Level 10"," Psybeam, Psywave, Swagger, Psych Up"
97,"Hypno","Level 14"," Psychic, Future Sight"
97,"Hypno","Starting Moves"," Pound, Hypnosis, Disable, Confusion"
98,"Krabby","Starting Moves"," Bubble"
98,"Krabby","Level 2"," Leer"
98,"Krabby","Level 6"," Harden, Bubble Beam, Mud Slap"
98,"Krabby","Level 10"," Stomp, Vice Grip, Protect"
98,"Krabby","Level 14"," Slam, Guillotine"
99,"Kingler","Starting Moves"," Bubble, Leer"
99,"Kingler","Level 6"," Harden, Bubble Beam"
99,"Kingler","Level 10"," Mud Slap, Stomp, Vice Grip"
99,"Kingler","Level 14"," Slam, Guillotine, Protect"
100,"Voltorb","Starting Moves"," Tackle"
100,"Voltorb","Level 2"," Leer, Spark"
100,"Voltorb","Level 6"," Screech, Rollout"
100,"Voltorb","Level 10"," Swift, Light Screen"
100,"Voltorb","Level 14"," Self Destruct, Sonic Boom"
100,"Voltorb","Level 18"," Explosion, Mirror Coat"
101,"Electrode","Starting Moves"," Tackle, Sonic Boom, Leer, Screech,"
101,"Electrode","Level 10"," Swift, Light Screen, Rollout"
101,"Electrode","Level 14"," Self Destruct"
101,"Electrode","Level 18"," Explosion, Mirror Coat"
102,"Exeggcute","Starting Moves"," Barrage, Hypnosis"
102,"Exeggcute","Level 2"," Reflect, Leech Seed"
102,"Exeggcute","Level 6"," Stun Spore, Poison Powder, Sleep Powder"
102,"Exeggcute","Level 10"," Confusion"
102,"Exeggcute","Level 14"," Solar Beam"
103,"Exeggutor","Starting Moves"," Barrage, Hypnosis, Reflect, Leech"
103,"Exeggutor","Level 6"," Stun Spore, Poison Powder"
103,"Exeggutor","Level 10"," Confusion, Sleep Powder"
103,"Exeggutor","Level 14"," Solar Beam"
104,"Cubone","Starting Moves"," Growl, Tail Whip, Bone Club"
104,"Cubone","Level 2"," Headbutt"
104,"Cubone","Level 6"," Leer, Focus Energy"
104,"Cubone","Level 10"," Bonemerang"
104,"Cubone","Level 14"," Rage, Thrash, Bone Rush"
104,"Cubone","Level 18"," Double-Edge"
105,"Marowak","Starting Moves"," Growl, Tail Whip, Bone Club,"
105,"Marowak","Level 6"," Leer, Focus Energy"
105,"Marowak","Level 10"," Bonemerang"
105,"Marowak","Level 14"," Rage, Thrash"
105,"Marowak","Level 18"," Double Edge, Bone-Rush"
106,"Hitmonlee","Starting Moves"," Double Kick, Mega Kick"
106,"Hitmonlee","Level 6"," Rolling Kick, Jump Kick, Reversal"
106,"Hitmonlee","Level 10"," Meditate, Focus Energy"
106,"Hitmonlee","Level 14"," Hi Jump Kick, Foresight"
106,"Hitmonlee","Level 18"," Reversal"
107,"Hitmonchan","Starting Moves"," Comet Punch, Counter"
107,"Hitmonchan","Level 10"," Ice Punch, Thunder Punch, Fire Punch"
107,"Hitmonchan","Level 14"," Focus Energy, Mach Punch"
107,"Hitmonchan","Level 18"," Detect"
107,"Hitmonchan","Level 6"," Mega Punch, Agility, Pursuit"
108,"Lickitung","Starting Moves"," Lick, Supersonic"
108,"Lickitung","Level 6"," Defense Curl, Rollout"
108,"Lickitung","Level 10"," Wrap, Stomp, Disable"
108,"Lickitung","Level 14"," Slam, Screech"
109,"Koffing","Starting Moves"," Tackle"
109,"Koffing","Level 2"," Smog, Smokescreen"
109,"Koffing","Level 6"," Sludge"
109,"Koffing","Level 10"," Self Destruct, Sludge Bomb"
109,"Koffing","Level 14"," Haze, Explosion"
109,"Koffing","Level 18"," Destiny Bond"
110,"Weezing","Starting Moves"," Tackle, Smog, Smokescreen"
110,"Weezing","Level 6"," Sludge"
110,"Weezing","Level 10"," Self Destruct"
110,"Weezing","Level 14"," Haze, Sludge Bomb"
110,"Weezing","Level 18"," Destiny Bond, Explosion"
111,"Rhyhorn","Starting Moves"," Horn Attack, Tail Whip"
111,"Rhyhorn","Level 2"," Fury Attack"
111,"Rhyhorn","Level 6"," Scary Face, Stomp"
111,"Rhyhorn","Level 10"," Take Down"
111,"Rhyhorn","Level 14"," Stone Edge, Earthquake"
111,"Rhyhorn","Level 18"," Megahorn, Horn Drill"
112,"Rhydon","Starting Moves"," Horn Attack, Tail Whip, Fury Attack,"
112,"Rhydon","Level 14"," Stone Edge, Rock Slide"
112,"Rhydon","Level 18"," Earthquake, Horn Drill, Megahorn"
113,"Chansey","Starting Moves"," Pound, Defense Curl, Growl"
113,"Chansey","Level 2"," Tail Whip, Refresh"
113,"Chansey","Level 6"," Double Slap"
113,"Chansey","Level 10"," Soft-Boiled, Minimize"
113,"Chansey","Level 14"," Take Down, Sing, Egg Bomb"
113,"Chansey","Level 18"," Light Screen, Double-Edge"
114,"Tangela","Starting Moves"," Constrict, Sleep Powder"
114,"Tangela","Level 2"," Vine Whip"
114,"Tangela","Level 6"," Absorb, Poison Powder, Bind"
114,"Tangela","Level 10"," Growth, Mega Drain"
114,"Tangela","Level 14"," Stun Spore, Giga Drain, Slam"
114,"Tangela","Level 18"," Ancient Power"
115,"Kangaskhan","Starting Moves"," Comet Punch, Leer, Tail Whip"
115,"Kangaskhan","Level 6"," Bite, Rage"
115,"Kangaskhan","Level 10"," Mega Punch, Dizzy Punch"
115,"Kangaskhan","Level 14"," Endure, Crunch"
115,"Kangaskhan","Level 18"," Outrage, Reversal"
116,"Horsea","Starting Moves"," Bubble, Smokescreen"
116,"Horsea","Level 2"," Leer, Water Gun"
116,"Horsea","Level 6"," Twister, Focus Energy"
116,"Horsea","Level 10"," Bubble Beam"
116,"Horsea","Level 14"," Agility, Hydro Pump"
117,"Seadra","Level 6"," Twister"
117,"Seadra","Level 10"," Bubble Beam, Focus Energy"
117,"Seadra","Level 14"," Agility"
117,"Seadra","Level 18"," Hydro Pump"
117,"Seadra","Starting Moves"," Bubble, Smokescreen, Leer, Water"
118,"Goldeen","Starting Moves"," Peck, Tail Whip"
118,"Goldeen","Level 2"," Supersonic, Horn Attack"
118,"Goldeen","Level 6"," Flail, Fury Attack"
118,"Goldeen","Level 10"," Agility, Waterfall"
118,"Goldeen","Level 14"," Horn Drill, Megahorn"
119,"Seaking","Starting Moves"," Peck, Tail Whip, Supersonic, Horn"
119,"Seaking","Level 6"," Flail, Fury Attack"
119,"Seaking","Level 10"," Agility"
119,"Seaking","Level 14"," Waterfall, Horn Drill"
119,"Seaking","Level 18"," Megahorn"
120,"Staryu","Starting Moves"," Tackle, Harden"
120,"Staryu","Level 2"," Water Gun"
120,"Staryu","Level 6"," Recover, Psywave, Rapid Spin"
120,"Staryu","Level 10"," Swift, Bubblebeam, Reflect"
120,"Staryu","Level 14"," Minimize, Confuse Ray, Psybeam"
120,"Staryu","Level 18"," Hydro Pump"
121,"Starmie","Starting Moves"," Tackle, Harden, Water Gun"
121,"Starmie","Level 6"," Recover, Psywave"
121,"Starmie","Level 10"," Swift, Bubblebeam, Rapid Spin"
121,"Starmie","Level 14"," Minimize, Confuse Ray, Reflect"
121,"Starmie","Level 18"," Hydro Pump, Psybeam"
122,"Mr. Mime","Starting Moves"," Barrier, Confusion"
122,"Mr. Mime","Level 6"," Double Slap, Mimic"
122,"Mr. Mime","Level 10"," Psywave, Encore, Light Screen"
122,"Mr. Mime","Level 14"," Reflect, Psybeam, Substitute, Baton Pass"
122,"Mr. Mime","Level 18"," Psychic, Safeguard"
123,"Scyther","Starting Moves"," Quick Attack, Leer, Focus Energy"
123,"Scyther","Level 6"," Pursuit, False Swipe, Agility"
123,"Scyther","Level 10"," Wing Attack, Fury Cutter"
123,"Scyther","Level 14"," Slash, Razor Wind"
123,"Scyther","Level 18"," Double Team, Swords Dance"
124,"Jynx","Starting Moves"," Pound, Lick, Powder Snow"
124,"Jynx","Level 6"," Double Slap, Ice Punch"
124,"Jynx","Level 10"," Mean Look"
124,"Jynx","Level 14"," Body Slam, Perish Song"
124,"Jynx","Level 18"," Blizzard"
125,"Electabuzz","Starting Moves"," Quick Attack, Leer, Thunder Shock"
125,"Electabuzz","Level 6"," Swift, Thunder Wave"
125,"Electabuzz","Level 10"," Light Screen, Thunder Punch"
125,"Electabuzz","Level 14"," Discharge, Screech"
125,"Electabuzz","Level 18"," Thunderbolt, Thunder"
126,"Magmar","Starting Moves"," Smog, Leer, Ember"
126,"Magmar","Level 6"," Smokescreen, Feint Attack"
126,"Magmar","Level 10"," Fire Spin, Confuse Ray"
126,"Magmar","Level 14"," Fire Punch, Sunny Day"
126,"Magmar","Level 18"," Flamethrower, Fire Blast"
127,"Pinsir","Starting Moves"," Vice Grip, Focus Energy, Bind"
127,"Pinsir","Level 6"," Seismic Toss, Harden"
127,"Pinsir","Level 10"," Vital Throw"
127,"Pinsir","Level 14"," Submission, Swords Dance"
127,"Pinsir","Level 18"," Thrash, Guillotine"
128,"Tauros","Starting Moves"," Tackle, Tail Whip, Rage, Horn Attack"
128,"Tauros","Level 6"," Scary Face, Pursuit"
128,"Tauros","Level 10"," Rest, Take Down"
128,"Tauros","Level 14"," Swagger, Thrash"
128,"Tauros","Level 18"," Double-Edge"
129,"Magikarp","Starting Moves"," Splash"
129,"Magikarp","Level 2"," Tackle"
129,"Magikarp","Level 6"," Flail"
130,"Gyarados","Starting Moves"," Bite, Thrash, Leer"
130,"Gyarados","Level 10"," Twister, Scary Face"
130,"Gyarados","Level 14"," Dragon Rage, Crunch"
130,"Gyarados","Level 18"," Hyrdo Pump, Rain Dance, Hyper Beam"
131,"Lapras","Starting Moves"," Sing, Growl, Mist, Confuse Ray, Water"
131,"Lapras","Level 6"," Body Slam"
131,"Lapras","Level 10"," Rain Dance, Perish Song"
131,"Lapras","Level 18"," Hydro Pump"
131,"Lapras","Level 14"," Ice Beam, Safeguard"
132,"Ditto","Starting Moves"," Transform"
133,"Eevee","Starting Moves"," Tackle, Growl, Tail Whip"
133,"Eevee","Level 2"," Sand Attack"
133,"Eevee","Level 6"," Quick Attack, Bite, Swift"
133,"Eevee","Level 10"," Refresh, Take Down, Charm"
133,"Eevee","Level 14"," Baton Pass, Double-Edge"
134,"Vaporeon","Starting Moves"," Tackle, Water Gun, Tail Whip, Growl,"
134,"Vaporeon","Level 6"," Quick Attack, Bubble"
134,"Vaporeon","Level 10"," Aurora Beam"
134,"Vaporeon","Level 14"," Acid Armor, Haze"
134,"Vaporeon","Level 18"," Hydro Pump"
135,"Jolteon","Starting Moves"," Tackle, Growl, Tail Whip, Thunder"
135,"Jolteon","Level 6"," Quick Attack, Double Kick"
135,"Jolteon","Level 10"," Pin Missile, Agility"
135,"Jolteon","Level 14"," Thunder Wave, Discharge"
135,"Jolteon","Level 18"," Thunder"
136,"Flareon","Starting Moves"," Tackle, Growl, Tail Whip, Ember, Sand"
136,"Flareon","Level 6"," Quick Attack, Bite"
136,"Flareon","Level 10"," Fire Spin, Scary Face"
136,"Flareon","Level 14"," Smog"
136,"Flareon","Level 18"," Fire Blast"
137,"Porygon","Starting Moves"," Tackle, Conversion, Sharpen"
137,"Porygon","Level 2"," Psybeam"
137,"Porygon","Level 6"," Agility, Recover"
137,"Porygon","Level 10"," Discharge, Lock-On"
137,"Porygon","Level 14"," Tri-Attack, Magic Coat"
137,"Porygon","Level 18"," Zap Cannon"
138,"Omanyte","Starting Moves"," Constrict, Withdraw"
138,"Omanyte","Level 2"," Bite"
138,"Omanyte","Level 6"," Water Gun"
138,"Omanyte","Level 10"," Leer, Rollout"
138,"Omanyte","Level 14"," Ancient Power, Protect"
138,"Omanyte","Level 18"," Hydro Pump"
139,"Omastar","Starting Moves"," Spike Cannon, Constrict, Withdraw,"
139,"Omastar","Level 14"," Protect"
139,"Omastar","Level 18"," Ancient Power, Hydro Pump"
140,"Kabuto","Starting Moves"," Scratch, Harden"
140,"Kabuto","Level 2"," Absorb"
140,"Kabuto","Level 6"," Leer"
140,"Kabuto","Level 10"," Sand Attack, Endure"
140,"Kabuto","Level 14"," Mega Drain"
140,"Kabuto","Level 18"," Ancient Power"
141,"Kabutops","Starting Moves"," Slash, Scratch, Harden, Absorb, Leer,                         Armor Class"
141,"Kabutops","Level 14"," Mega Drain"
141,"Kabutops","Level 18"," Ancient Power"
142,"Aerodactyl","Starting Moves"," Wing Attack, Supersonic, Bite, Scary"
142,"Aerodactyl","Level 14"," Crunch, Take Down"
142,"Aerodactyl","Level 18"," Hyper Beam, Rock Slide"
143,"Snorlax","Starting Moves"," Tackle, Amnesia, Lick, Body Slam,"
143,"Snorlax","Level 14"," Snore, Rollout, Sleep Talk"
143,"Snorlax","Level 18"," Belly Drum, Crunch"
144,"Articuno","Starting Moves"," Gust, Powder Snow, Mist, Ancient"
144,"Articuno","Level 18"," Blizzard"
145,"Zapdos","Starting Moves"," Peck, Thunder Shock, Thunder Wave,"
145,"Zapdos","Level 18"," Thunder, Zap Cannon"
146,"Moltres","Starting Moves"," Wing Attack, Ember, Fire Spin,"
146,"Moltres","Level 18"," Solar Beam, Sky Attack"
147,"Dratini","Starting Moves"," Wrap, Leer"
147,"Dratini","Level 2"," Thunder Wave"
147,"Dratini","Level 6"," Twister, Slam"
147,"Dratini","Level 10"," Dragon Rage, Agility"
147,"Dratini","Level 14"," Safeguard, Outrage"
147,"Dratini","Level 18"," Hyper Beam"
148,"Dragonair","Starting Moves"," Wrap, Leer, Thunder Wave, Twister"
148,"Dragonair","Level 10"," Slam, Agility"
148,"Dragonair","Level 14"," Safeguard, Dragon Rage, Outrage"
148,"Dragonair","Level 18"," Hyper Beam"
149,"Dragonite","Starting Moves"," Wing Attack, Fire Punch, Thunder"
149,"Dragonite","Level 18"," Hyper Beam"
150,"Mewtwo","Starting Moves"," Psywave, Confusion, Disable,"
151,"Mew","Starting Moves"," Pound, Transform, Mega Punch,"
152,"Chikorita","Starting Moves"," Tackle, Growl"
152,"Chikorita","Level 2"," Razor Leaf, Poison Powder"
152,"Chikorita","Level 6"," Synthesis, Reflect"
152,"Chikorita","Level 10"," Sweet Scent, Light Screen"
152,"Chikorita","Level 14"," Body Slam"
152,"Chikorita","Level 18"," Solar Beam"
153,"Bayleef","Starting Moves"," Tackle, Growl, Razor Leaf, Poison"
153,"Bayleef","Level 6"," Synthesis"
153,"Bayleef","Level 10"," Sweet Scent, Reflect"
153,"Bayleef","Level 14"," Body Slam, Light Screen"
153,"Bayleef","Level 18"," Solar Beam"
154,"Meganium","Starting Moves"," Tackle, Growl, Razor Leaf, Poison"
154,"Meganium","Level 14"," Light Screen"
154,"Meganium","Level 18"," Solar Beam, Body Slam"
155,"Cyndaquil","Starting Moves"," Tackle, Leer"
155,"Cyndaquil","Level 2"," Smokescreen, Ember"
155,"Cyndaquil","Level 6"," Defense Curl, Quick Attack"
155,"Cyndaquil","Level 10"," Swift, Flame Wheel, Flamethrower"
155,"Cyndaquil","Level 14"," Rollout, Double Edge"
156,"Quilava","Starting Moves"," Tackle, Leer, Smokescreen, Ember"
156,"Quilava","Level 6"," Defense Curl, Quick Attack"
156,"Quilava","Level 10"," Swift, Flame Wheel"
156,"Quilava","Level 14"," Flamethrower, Rollout"
156,"Quilava","Level 18"," Double Edge"
157,"Typhlosion","Starting Moves"," Tackle, Leer, Smokescreen, Ember,"
157,"Typhlosion","Level 14"," Rollout"
157,"Typhlosion","Level 18"," Double Edge, Flamethrower"
158,"Totodile","Starting Moves"," Scratch, Leer"
158,"Totodile","Level 2"," Water Gun, Rage"
158,"Totodile","Level 6"," Bite, Scary Face"
158,"Totodile","Level 10"," Flail, Slash, Crunch"
158,"Totodile","Level 14"," Screech, Slash, Hydro Pump"
159,"Croconaw","Level 6"," Bite, Scary Face"
159,"Croconaw","Level 10"," Flail"
159,"Croconaw","Level 14"," Screech, Slash"
159,"Croconaw","Level 18"," Crunch, Hydro Pump"
159,"Croconaw","Starting Moves"," Scratch, Leer, Water Gun, Rage"
160,"Feraligatr","Starting Moves"," Scratch, Leer, Water Gun, Rage, Bite,"
160,"Feraligatr","Level 14"," Screech, Slash"
160,"Feraligatr","Level 18"," Crunch, Hydro Pump"
161,"Sentret","Starting Moves"," Scratch, Foresight"
161,"Sentret","Level 2"," Defense Curl, Quick Attack"
161,"Sentret","Level 6"," Fury Swipes"
161,"Sentret","Level 10"," Slam, Rest"
161,"Sentret","Level 14"," Amnesia, Baton Pass"
162,"Furret","Starting Moves"," Scratch, Foresight, Defense Curl,"
162,"Furret","Level 10"," Slam"
162,"Furret","Level 14"," Rest, Amnesia"
162,"Furret","Level 18"," Baton Pass"
163,"Hoothoot","Starting Moves"," Tackle, Growl, Foresight"
163,"Hoothoot","Level 2"," Hypnosis, Peck"
163,"Hoothoot","Level 6"," Confusion"
163,"Hoothoot","Level 10"," Take Down, Reflect"
163,"Hoothoot","Level 14"," Dream Eater"
164,"Noctowl","Starting Moves"," Tackle, Growl, Foresight, Hypnosis,"
164,"Noctowl","Level 6"," Confusion"
164,"Noctowl","Level 10"," Take Down, Sky Attack"
164,"Noctowl","Level 14"," Reflect, Dream Eater"
165,"Ledyba","Starting Moves"," Tackle"
165,"Ledyba","Level 2"," Supersonic, Swift"
165,"Ledyba","Level 6"," Light Screen, Reflect, Mach Punch"
165,"Ledyba","Level 10"," Comet Punch, Agility"
165,"Ledyba","Level 14"," Baton Pass, Double-Edge"
166,"Ledian","Starting Moves"," Tackle, Supersonic, Swift, Light"
166,"Ledian","Level 10"," Comet Punch, Mach Punch"
166,"Ledian","Level 14"," Agility, Baton Pass"
166,"Ledian","Level 18"," Double-Edge"
167,"Spinarak","Starting Moves"," Poison Sting, String Shot"
167,"Spinarak","Level 2"," Constrict, Absorb"
167,"Spinarak","Level 6"," Scary Face"
167,"Spinarak","Level 10"," Nightshade, Fury Swipes, Spider Web"
167,"Spinarak","Level 14"," Agility, Pin Missile"
167,"Spinarak","Level 18"," Psychic"
168,"Ariados","Starting Moves"," Poison Sting, String Shot, Constrict,"
168,"Ariados","Level 6"," Scary Face"
168,"Ariados","Level 10"," Nightshade, Spider Web"
168,"Ariados","Level 14"," Fury Swipes, Pin Missile"
168,"Ariados","Level 18"," Psychic, Agility"
169,"Crobat","Starting Moves"," Leech Life, Supersonic, Bite, Wing"
169,"Crobat","Level 14"," Baton Pass, Mean Look"
169,"Crobat","Level 18"," Double-Edge, Haze"
170,"Chinchou","Starting Moves"," Bubble, Supersonic"
170,"Chinchou","Level 2"," Thunder Wave"
170,"Chinchou","Level 6"," Water Gun, Confuse Ray"
170,"Chinchou","Level 10"," Bubblebeam, Spark"
170,"Chinchou","Level 14"," Flail, Take Down"
170,"Chinchou","Level 18"," Hydro Pump"
171,"Lanturn","Starting Moves"," Bubble, Supersonic, Thunder Wave,"
171,"Lanturn","Level 10"," Spark, Confuse Ray"
171,"Lanturn","Level 14"," Flail, Bubblebeam"
171,"Lanturn","Level 18"," Hydro Pump, Take Down"
172,"Pichu","Starting Moves"," Thundershock, Charm"
172,"Pichu","Level 2"," Tail Whip"
172,"Pichu","Level 6"," Sweet Kiss, Thunderwave"
173,"Cleffa","Starting Moves"," Pound, Charm"
173,"Cleffa","Level 2"," Encore, Sing"
173,"Cleffa","Level 6"," Sweet Kiss"
174,"Igglybuff","Starting Moves"," Sing, Pound"
174,"Igglybuff","Level 2"," Charm, Defense Curl"
174,"Igglybuff","Level 6"," Sweet Kiss"
175,"Togepi","Starting Moves"," Growl, Charm"
175,"Togepi","Level 2"," Metronome"
175,"Togepi","Level 6"," Sweet Kiss, Encore"
175,"Togepi","Level 10"," Ancient Power, Safe Guard"
175,"Togepi","Level 14"," Baton Pass, Double Edge"
176,"Togetic","Starting Moves"," Growl, Charm, Metronome"
176,"Togetic","Level 6"," Sweet Kiss, Encore"
176,"Togetic","Level 10"," Ancient Power"
176,"Togetic","Level 14"," Baton Pass, Safe Guard"
176,"Togetic","Level 18"," Double Edge"
177,"Natu","Starting Moves"," Peck, Leer"
177,"Natu","Level 2"," Teleport"
177,"Natu","Level 6"," Nightshade"
177,"Natu","Level 10"," Future Sight"
177,"Natu","Level 14"," Steel Wing, Psychic"
178,"Xatu","Starting Moves"," Peck, Leer, Teleport"
178,"Xatu","Level 6"," Nightshade"
178,"Xatu","Level 10"," Future Sight"
178,"Xatu","Level 14"," Steel Wing"
178,"Xatu","Level 18"," Psychic"
179,"Mareep","Starting Moves"," Tackle, Growl"
179,"Mareep","Level 2"," Thunder Wave"
179,"Mareep","Level 6"," Thundershock, Cotton Spore"
179,"Mareep","Level 10"," Take Down, Confuse Ray"
179,"Mareep","Level 14"," Light Screen, Thunder"
180,"Flaaffy","Starting Moves"," Tackle, Growl, Thunder Wave"
180,"Flaaffy","Level 6"," Thundershock, Cotton Spore"
180,"Flaaffy","Level 10"," Confuse Ray"
180,"Flaaffy","Level 14"," Light Screen, Take Down"
180,"Flaaffy","Level 18"," Thunder"
181,"Ampharos","Starting Moves"," Tackle, Growl, Thunder Wave,"
181,"Ampharos","Level 18"," Take Down, Thunder"
181,"Ampharos","Level 14"," Light Screen"
182,"Bellossom","Starting Moves"," Mega Drain, Sweet Scent, Stun Spore,"
182,"Bellossom","Level 14","***Petal Dance"
182,"Bellossom","Level 18"," Solar Beam"
183,"Marill","Starting Moves"," Tackle, Water Gun"
183,"Marill","Level 2"," Tail Whip, Bubble"
183,"Marill","Level 6"," Defense Curl, Rollout"
183,"Marill","Level 10"," Bubble Beam, Rain Dance"
183,"Marill","Level 14"," Double-Edge, Hydro Pump"
184,"Azumarill","Starting Moves"," Tackle, Water Gun, Tail Whip, Bubble"
184,"Azumarill","Level 6"," Defense Curl"
184,"Azumarill","Level 10"," Rollout, Rain Dance"
184,"Azumarill","Level 14"," Double-Edge, Bubble Beam"
184,"Azumarill","Level 18"," Hydro Pump"
185,"Sudowoodo","Level 6"," Rock Throw, Mimic"
185,"Sudowoodo","Level 10"," Feint Attack, Rock Slide"
185,"Sudowoodo","Level 14"," Stone Edge"
185,"Sudowoodo","Level 18"," Double-Edge"
185,"Sudowoodo","Starting Moves"," Slam, Flail, Low Kick"
186,"Politoed","Starting Moves"," Hypnosis, Double Slap, Bubble Beam,"
186,"Politoed","Level 14"," Swagger, Rain Dance"
187,"Hoppip","Starting Moves"," Splash"
187,"Hoppip","Level 2"," Synthesis, Tail Whip, Tackle"
187,"Hoppip","Level 6"," Poison Powder, Stun Spore"
187,"Hoppip","Level 10"," Sleep Powder, Leech Seed"
187,"Hoppip","Level 14"," Mega Drain, Cotton Spore"
187,"Hoppip","Level 18"," Giga Drain"
188,"Skiploom","Starting Moves"," Splash, Synthesis, Tail Whip, Tackle"
188,"Skiploom","Level 6"," Poison Powder"
188,"Skiploom","Level 10"," Stun Spore, Leech Seed"
188,"Skiploom","Level 14"," Mega Drain, Sleep Powder"
188,"Skiploom","Level 18"," Giga Drain, Cotton Spore"
189,"Jumpluff","Starting Moves"," Splash, Synthesis, Tail Whip, Tackle,                         Speed 30ft. walking"
189,"Jumpluff","Level 14"," Mega Drain, Sleep Powder"
189,"Jumpluff","Level 18"," Giga Drain, Cotton Spore"
190,"Aipom","Starting Moves"," Scratch, Tail Whip"
190,"Aipom","Level 2"," Sand Attack"
190,"Aipom","Level 6"," Baton Pass, Fury Swipes"
190,"Aipom","Level 10"," Swift, Agility"
190,"Aipom","Level 14"," Screech, Triple Kick"
191,"Sunkern","Starting Moves"," Absorb, Growth"
191,"Sunkern","Level 2"," Leech Seed"
191,"Sunkern","Level 6"," Mega Drain"
191,"Sunkern","Level 10"," Razor Leaf, Giga Drain"
191,"Sunkern","Level 14"," Synthesis, Sunny Day"
191,"Sunkern","Level 18"," Solar Beam, Double Edge"
192,"Sunflora","Starting Moves"," Absorb, Growth, Pound, Leech Seed"
192,"Sunflora","Level 6"," Mega Drain"
192,"Sunflora","Level 10"," Sunny Day"
192,"Sunflora","Level 14"," Synthesis, Giga Drain, Petal Dance"
192,"Sunflora","Level 18"," Solar Beam, Double Edge"
193,"Yanma","Starting Moves"," Tackle, Foresight, Quick Attack"
193,"Yanma","Level 6"," Double Team, Sonic Boom, Hypnosis"
193,"Yanma","Level 10"," Detect, Supersonic, Uproar"
193,"Yanma","Level 14"," Pursuit, Ancient Power"
193,"Yanma","Level 18"," Wing Attack, Screech"
194,"Wooper","Starting Moves"," Tackle, Water Gun"
194,"Wooper","Level 2"," Mud Slap"
194,"Wooper","Level 6"," Slam"
194,"Wooper","Level 10"," Amnesia, Rain Dance"
194,"Wooper","Level 14"," Earthquake, Haze"
195,"Quagsire","Starting Moves"," Tackle, Water Gun, Mud Slap"
195,"Quagsire","Level 6"," Slam"
195,"Quagsire","Level 10"," Amnesia, Rain Dance"
195,"Quagsire","Level 14"," Haze"
195,"Quagsire","Level 18"," Earthquake"
196,"Espeon","Starting Moves"," Tackle, Confusion, Tail Whip, Sand"
196,"Espeon","Level 6"," Quick Attack, Swift"
196,"Espeon","Level 10"," Psybeam, Future Sight"
196,"Espeon","Level 14"," Psych Up, Morning Sun"
196,"Espeon","Level 18"," Psychic"
197,"Umbreon","Starting Moves"," Tackle, Pursuit, Tail Whip, Sand"
197,"Umbreon","Level 6"," Quick Attack, Confuse Ray"
197,"Umbreon","Level 10"," Feint Attack, Screech"
197,"Umbreon","Level 14"," Mean Look"
197,"Umbreon","Level 18"," Moonlight"
198,"Murkrow","Starting Moves"," Peck, Pursuit"
198,"Murkrow","Level 6"," Haze, Wing Attack"
198,"Murkrow","Level 10"," Nightshade"
198,"Murkrow","Level 14"," Feint Attack, Mean Look"
198,"Murkrow","Level 18"," Steel Wing"
199,"Slowking","Starting Moves"," Tackle, Growl, Hidden Power, Curse,"
199,"Slowking","Level 14"," Amnesia, Swagger"
199,"Slowking","Level 18"," Psychic, Psych Up"
199,"Slowking","Level 10"," Headbutt"
200,"Misdreavus","Starting Moves"," Growl, Psywave, Spite, Thief"
200,"Misdreavus","Level 6"," Confuse Ray, Mean Look"
200,"Misdreavus","Level 10"," Psybeam"
200,"Misdreavus","Level 14"," Pain Split"
200,"Misdreavus","Level 18"," Perish Song"
201,"Unown","Starting Moves"," Hidden Power"
202,"Wobbuffet","Starting Moves"," Counter, Mirror Coat, Safe Guard,"
203,"Girafarig","Starting Moves"," Growl, Tackle, Confusion"
203,"Girafarig","Level 6"," Stomp, Psybeam"
203,"Girafarig","Level 10"," Agility"
203,"Girafarig","Level 14"," Crunch, Baton Pass"
203,"Girafarig","Level 18"," Psychic"
204,"Pineco","Starting Moves"," Tackle, Protect"
204,"Pineco","Level 2"," Self Destruct"
204,"Pineco","Level 6"," Take Down, Rapid Spin"
204,"Pineco","Level 10"," Bide, Spikes"
204,"Pineco","Level 14"," Explosion, Double Edge"
205,"Forretress","Starting Moves"," Tackle, Protect, Self Destruct"
205,"Forretress","Level 6"," Take Down, Rapid Spin"
205,"Forretress","Level 10"," Bide"
205,"Forretress","Level 14"," Spikes, Double Edge"
205,"Forretress","Level 18"," Explosion"
206,"Dunsparce","Starting Moves"," Rage, Defense Curl"
206,"Dunsparce","Level 2"," Rollout, Spite"
206,"Dunsparce","Level 6"," Pursuit, Screech, Mud Slap"
206,"Dunsparce","Level 10"," Ancient Power, Body Slam"
206,"Dunsparce","Level 14"," Take Down, Dig, Double-Edge, Glare"
206,"Dunsparce","Level 18"," Flail, Endure"
207,"Gligar","Starting Moves"," Poison Sting, Sand Attack"
207,"Gligar","Level 2"," Harden"
207,"Gligar","Level 6"," Quick Attack, Fury Cutter"
207,"Gligar","Level 10"," Feint Attack, Slash"
207,"Gligar","Level 14"," Screech, Swords Dance"
207,"Gligar","Level 18"," Guillotine"
208,"Steelix","Starting Moves"," Tackle, Harden, Bind, Curse, Rock"
208,"Steelix","Level 14"," Screech, Sandstorm, Slam, Stone Edge"
208,"Steelix","Level 18"," Dig, Rock Slide, Crunch, Double Edge"
209,"Snubbull","Starting Moves"," Tackle, Charm, Tail Whip"
209,"Snubbull","Level 2"," Scary Face, Bite"
209,"Snubbull","Level 6"," Lick, Headbutt"
209,"Snubbull","Level 10"," Roar, Rage"
209,"Snubbull","Level 14"," Crunch"
210,"Granbull","Starting Moves"," Tackle, Charm, Tail Whip, Scary Face,"
210,"Granbull","Level 6"," Lick"
210,"Granbull","Level 10"," Roar, Headbutt"
210,"Granbull","Level 14"," Rage"
210,"Granbull","Level 18"," Crunch, Outrage"
211,"Qwilfish","Starting Moves"," Tackle, Water Gun"
211,"Qwilfish","Level 2"," Destiny Bond, Spikes, Poison Sting"
211,"Qwilfish","Level 6"," Harden, Minimize, Bubble"
211,"Qwilfish","Level 10"," Amnesia, Rain Dance"
211,"Qwilfish","Level 14"," Rollout, Pin Missile, Take Down"
211,"Qwilfish","Level 18"," Hydro Pump"
212,"Scizor","Starting Moves"," Quick Attack, Leer, Focus Energy,"
212,"Scizor","Level 14"," Spikes, Double Edge"
212,"Scizor","Level 18"," Swords Dance, Razor Wind"
213,"Shuckle","Starting Moves"," Withdraw, Constrict, Bide, Wrap"
213,"Shuckle","Level 6"," Safeguard, Rollout"
213,"Shuckle","Level 10"," Rest, Rock Throw"
213,"Shuckle","Level 14"," Rock Slide"
213,"Shuckle","Level 18"," Stone Edge"
214,"Heracross","Starting Moves"," Tackle, Leer, Horn Attack, Endure"
214,"Heracross","Level 6"," Counter"
214,"Heracross","Level 10"," Fury Attack"
214,"Heracross","Level 14"," Pin Missile, Take Down"
214,"Heracross","Level 18"," Mega Horn, Reversal"
215,"Sneasel","Starting Moves"," Scratch, Leer"
215,"Sneasel","Level 6"," Quick Attack, Feint Attack"
215,"Sneasel","Level 10"," Fury Swipes, Agility"
215,"Sneasel","Level 14"," Beat Up, Screech"
215,"Sneasel","Level 18"," Slash"
216,"Teddiursa","Starting Moves"," Scratch, Lick"
216,"Teddiursa","Level 2"," Fury Swipes"
216,"Teddiursa","Level 6"," Feint Attack, Sweet Scent"
216,"Teddiursa","Level 10"," Slash, Charm"
216,"Teddiursa","Level 14"," Rest, Snore, Thrash"
217,"Ursaring","Starting Moves"," Scratch, Lick, Fury Swipes, Feint"
217,"Ursaring","Level 10"," Sweet Scent, Slash, Charm"
217,"Ursaring","Level 14"," Rest, Snore, Scary Face"
217,"Ursaring","Level 18"," Thrash"
218,"Slugma","Starting Moves"," Smog"
218,"Slugma","Level 2"," Ember"
218,"Slugma","Level 6"," Rock Throw, Harden"
218,"Slugma","Level 10"," Ancient Power, Rock Slide"
218,"Slugma","Level 14"," Amnesia, Body Slam, Recover"
218,"Slugma","Level 18"," Flamethrower"
219,"Magcargo","Starting Moves"," Smog, Ember, Rock Throw, Harden,"
219,"Magcargo","Level 14"," Rock Slide, Amnesia, Body Slam"
219,"Magcargo","Level 18"," Flamethrower, Recover"
220,"Swinub","Starting Moves"," Tackle"
220,"Swinub","Level 2"," Powder Snow, Mud Slap"
220,"Swinub","Level 6"," Endure"
220,"Swinub","Level 10"," Icy Wind, Take Down"
220,"Swinub","Level 14"," Mist, Earthquake, Flail"
220,"Swinub","Level 18"," Amnesia, Blizzard"
221,"Piloswine","Starting Moves"," Fury Attack, Ancient Power, Peck,"
221,"Piloswine","Level 10"," Endure, Icy Wind, Take Down"
221,"Piloswine","Level 14"," Mist, Earthquake, Flail"
221,"Piloswine","Level 18"," Amnesia, Blizzard, Thrash"
222,"Corsola","Starting Moves"," Tackle, Harden"
222,"Corsola","Level 2"," Bubble"
222,"Corsola","Level 6"," Recover, Bubblebeam"
222,"Corsola","Level 10"," Spike Cannon, Ancient Power"
222,"Corsola","Level 14"," Endure, Mirror Coat"
222,"Corsola","Level 18"," Flail"
223,"Remoraid","Starting Moves"," Water Gun"
223,"Remoraid","Level 2"," Lock-On"
223,"Remoraid","Level 6"," Psybeam, Focus Energy"
223,"Remoraid","Level 10"," Bubblebeam, Aurora Beam"
223,"Remoraid","Level 14"," Ice Beam, Hydro Pump"
223,"Remoraid","Level 18"," Hyper Beam"
224,"Octillery","Starting Moves"," Water Gun, Lock-On, Octazooka,"
224,"Octillery","Level 6"," Psybeam, Focus Energy"
224,"Octillery","Level 10"," Bubblebeam"
224,"Octillery","Level 14"," Ice Beam, Aurora Beam"
224,"Octillery","Level 18"," Hyper Beam, Hydro Pump"
225,"Delibird","Starting Moves"," Present"
225,"Delibird","Level 10"," Drill Peck"
226,"Mantine","Starting Moves"," Tackle, Bubble, Supersonic,"
226,"Mantine","Level 6"," Wing Attack, Headbutt"
226,"Mantine","Level 10"," Take Down, Psybeam"
226,"Mantine","Level 14"," Agility"
226,"Mantine","Level 18"," Hydro Pump"
227,"Skarmory","Starting Moves"," Leer, Peck, Sand Attack, Metal Claw"
227,"Skarmory","Level 6"," Fury Attack, Swift"
227,"Skarmory","Level 10"," Spikes, Agility"
227,"Skarmory","Level 14"," Steel Wing, Slash"
228,"Houndour","Starting Moves"," Leer, Tackle"
228,"Houndour","Level 2"," Bite, Ember"
228,"Houndour","Level 6"," Roar"
228,"Houndour","Level 10"," Smog, Feint Attack"
228,"Houndour","Level 14"," Beat Up, Crunch"
228,"Houndour","Level 18"," Flamethrower"
229,"Houndoom","Starting Moves"," Leer, Tackle, Bite"
229,"Houndoom","Level 6"," Roar"
229,"Houndoom","Level 10"," Smog"
229,"Houndoom","Level 14"," Beat Up, Feint Attack"
229,"Houndoom","Level 18"," Flamethrower, Crunch"
230,"Kingdra","Starting Moves"," Bubble, Smokescreen, Leer, Water"
230,"Kingdra","Level 14"," Bubblebeam, Agility"
230,"Kingdra","Level 18"," Hydro Pump"
231,"Phanpy","Starting Moves"," Tackle, Growl, Defense Curl"
231,"Phanpy","Level 2"," Flail"
231,"Phanpy","Level 6"," Rollout, Endure"
231,"Phanpy","Level 10"," Slam, Take Down"
231,"Phanpy","Level 14"," Charm, Double Edge"
232,"Donphan","Starting Moves"," Tackle, Growl, Defense Curl, Fury"
232,"Donphan","Level 6"," Rollout, Endure, Rapid Spin"
232,"Donphan","Level 10"," Slam, Take Down, Magnitude"
232,"Donphan","Level 14"," Scary Face,"
232,"Donphan","Level 18"," Double Edge"
233,"Porygon2","Starting Moves"," Tackle, Conversion, Conversion 2,"
233,"Porygon2","Level 6"," Psybeam"
233,"Porygon2","Level 10"," Recover"
233,"Porygon2","Level 14"," Lock-On, Zap Cannon"
233,"Porygon2","Level 18"," Tri-Attack, Hyper Beam"
234,"Stantler","Starting Moves"," Tackle, Leer, Hypnosis"
234,"Stantler","Level 6"," Stomp"
234,"Stantler","Level 10"," Sand Attack, Take Down"
234,"Stantler","Level 14"," Confuse Ray"
235,"Smeargle","Starting Moves"," Sketch"
235,"Smeargle","Level 2"," Sketch, Sketch"
235,"Smeargle","Level 6"," Sketch, Sketch"
235,"Smeargle","Level 14"," Sketch, Sketch"
235,"Smeargle","Level 18"," Sketch, Sketch"
235,"Smeargle","Level 10"," Sketch, Sketch"
236,"Tyrogue","Starting Moves"," Tackle"
236,"Tyrogue","Level 2"," Foresight, Low Kick"
237,"Hitmontop","Level 6"," Rapid Spin, Counter"
237,"Hitmontop","Level 10"," Agility"
237,"Hitmontop","Level 14"," Triple Kick, Detect"
237,"Hitmontop","Starting Moves"," Rolling Kick, Pursuit, Focus Energy,                          Small Ice/Psychic Type | Level 1 | CR 1"
238,"Smoochum","Starting Moves"," Pound"
238,"Smoochum","Level 2"," Lick, Sweet Kiss"
238,"Smoochum","Level 6"," Powder Snow, Confusion"
238,"Smoochum","Level 10"," Sing, Mean Look"
238,"Smoochum","Level 14"," Psychic, Perish Song"
238,"Smoochum","Level 18"," Blizzard"
239,"Elekid","Starting Moves"," Quick Attack, Leer"
239,"Elekid","Level 6"," Swift"
239,"Elekid","Level 10"," Thunderwave, Light Screen"
239,"Elekid","Level 14"," Thunder Punch, Screech, Thunderbolt"
239,"Elekid","Level 18"," Thunder"
239,"Elekid","Level 2"," Thunder Shock, Low Kick"
240,"Magby","Starting Moves","***Smog, Leer"
240,"Magby","Level 2"," Ember, Smokescreen"
240,"Magby","Level 6"," Feint Attack"
240,"Magby","Level 10"," Fire Spin"
240,"Magby","Level 14"," Confuse Ray, Fire Punch, Sunny Day"
240,"Magby","Level 18"," Flamethrower, Fire Blast"
241,"Miltank","Starting Moves"," Tackle, Growl, Defense Curl, Stomp"
241,"Miltank","Level 6"," Milk Drink, Bide"
241,"Miltank","Level 10"," Rollout, Body Slam"
241,"Miltank","Level 14"," Heal Bell"
242,"Blissey","Starting Moves"," Defense Curl, Pound, Growl, Tail"
242,"Blissey","Level 14"," Sing, Take Down"
242,"Blissey","Level 18"," Light Screen, Egg Bomb, Double Edge"
243,"Raikou","Starting Moves"," Bite, Leer, Thunder Shock, Roar,"
243,"Raikou","Level 18"," Crunch, Thunder"
244,"Entei","Starting Moves"," Bite, Leer, Sacred Fire, Roar, Fire Spin,"
244,"Entei","Level 18"," Swagger, Fire Blast"
245,"Suicune","Starting Moves"," Bite, Leer, Bubblebeam, Roar, Rain"
245,"Suicune","Level 18"," Mirror Coat, Hydro Pump, Blizzard"
246,"Larvitar","Starting Moves"," Bite, Leer"
246,"Larvitar","Level 2"," Sand Attack, Screech"
246,"Larvitar","Level 6"," Rock Slide, Scary Face"
246,"Larvitar","Level 10"," Thrash, Sandstorm, Crunch"
246,"Larvitar","Level 14"," Earthquake, Stone Edge"
246,"Larvitar","Level 18"," Hyper Beam"
247,"Pupitar","Starting Moves"," Bite, Leer, Sand Attack, Screech, Rock"
247,"Pupitar","Level 10"," Thrash, Sandstorm"
247,"Pupitar","Level 14"," Crunch, Earthquake, Stone Edge"
247,"Pupitar","Level 18"," Hyper Beam"
248,"Tyranitar","Starting Moves"," Bite, Leer, Sand Attack, Screech, Rock"
248,"Tyranitar","Level 14"," Crunch, Stone Edge"
248,"Tyranitar","Level 18"," Hyper Beam, Earthquake"
249,"Lugia","Starting Moves"," Whirlwind, Gust, Rain Dance, Hydro"
250,"Ho-Oh","Starting Moves"," Whirlwind, Gust, Sunny Day, Fire"
251,"Celebi","Starting Moves"," Leech Seed, Confusion, Recover,"
